"Product","Ad"
"Organic Green Tea","Join the revolution. Organic Green Tea changes everything you know about Food."
"PureMist Humidifier","Don't compromise on quality; choose PureMist Humidifier for your daily Home needs."
"NoiseCancel Pro","The perfect gift for yourself: NoiseCancel Pro is now available in all stores."
"PureMist Humidifier","Experience the future of Home. PureMist Humidifier is here, and it's life-changing."
"Gaming Laptop Z","The perfect gift for yourself: Gaming Laptop Z is now available in all stores."
"Minimalist Desk Lamp","Experience the future of Home. Minimalist Desk Lamp is here, and it's life-changing."
"PureMist Humidifier","Upgrade your Home game with PureMist Humidifier. Order today for a special discount!"
"Chef's Knife Set","Stay ahead with Chef's Knife Set. The ultimate choice for Home lovers!"
"Vitamin C Serum","Upgrade your Beauty game with Vitamin C Serum. Order today for a special discount!"
"Gaming Laptop Z","Eco-friendly, durable, and stylish. This is the Gaming Laptop Z you've been waiting for."
"Chef's Knife Set","The perfect gift for yourself: Chef's Knife Set is now available in all stores."
"Chef's Knife Set","Eco-friendly, durable, and stylish. This is the Chef's Knife Set you've been waiting for."
"Yoga Mat Ultra","Get more done with Yoga Mat Ultra. Where performance meets modern Sports style."
"Chef's Knife Set","Experience the future of Home. Chef's Knife Set is here, and it's life-changing."
"Wireless Charger Pad","The perfect gift for yourself: Wireless Charger Pad is now available in all stores."
"PureMist Humidifier","Simple. Elegant. Powerful. Meet the new PureMist Humidifier."
"Velocity Bike","The perfect gift for yourself: Velocity Bike is now available in all stores."
"Yoga Mat Ultra","Stay ahead with Yoga Mat Ultra. The ultimate choice for Sports lovers!"
"Organic Green Tea","Don't compromise on quality; choose Organic Green Tea for your daily Food needs."
"NoiseCancel Pro","Upgrade your Tech game with NoiseCancel Pro. Order today for a special discount!"
"Aura Smart Ring","Simple. Elegant. Powerful. Meet the new Aura Smart Ring."
"Yoga Mat Ultra","Simple. Elegant. Powerful. Meet the new Yoga Mat Ultra."
"Eco Bottle","Transform your routine with the all-new Eco Bottle. It's sleek, fast, and reliable."
"Hiking Backpack","Upgrade your Travel game with Hiking Backpack. Order today for a special discount!"
"Hiking Backpack","Don't compromise on quality; choose Hiking Backpack for your daily Travel needs."
"Eco Bottle","Stay ahead with Eco Bottle. The ultimate choice for Lifestyle lovers!"
"Organic Green Tea","Eco-friendly, durable, and stylish. This is the Organic Green Tea you've been waiting for."
"SmartWatch X","Transform your routine with the all-new SmartWatch X. It's sleek, fast, and reliable."
"Chef's Knife Set","Eco-friendly, durable, and stylish. This is the Chef's Knife Set you've been waiting for."
"Organic Green Tea","Transform your routine with the all-new Organic Green Tea. It's sleek, fast, and reliable."
"PureMist Humidifier","Get more done with PureMist Humidifier. Where performance meets modern Home style."
"Yoga Mat Ultra","Simple. Elegant. Powerful. Meet the new Yoga Mat Ultra."
"PureMist Humidifier","Eco-friendly, durable, and stylish. This is the PureMist Humidifier you've been waiting for."
"Chef's Knife Set","Upgrade your Home game with Chef's Knife Set. Order today for a special discount!"
"NoiseCancel Pro","Upgrade your Tech game with NoiseCancel Pro. Order today for a special discount!"
"Gaming Laptop Z","Transform your routine with the all-new Gaming Laptop Z. It's sleek, fast, and reliable."
"Velocity Bike","Experience the future of Sports. Velocity Bike is here, and it's life-changing."
"Gaming Laptop Z","Join the revolution. Gaming Laptop Z changes everything you know about Tech."
"SmartWatch X","Don't compromise on quality; choose SmartWatch X for your daily Tech needs."
"Yoga Mat Ultra","The perfect gift for yourself: Yoga Mat Ultra is now available in all stores."
"SmartWatch X","Stay ahead with SmartWatch X. The ultimate choice for Tech lovers!"
"Organic Green Tea","Transform your routine with the all-new Organic Green Tea. It's sleek, fast, and reliable."
"Minimalist Desk Lamp","Don't compromise on quality; choose Minimalist Desk Lamp for your daily Home needs."
"Hiking Backpack","The perfect gift for yourself: Hiking Backpack is now available in all stores."
"Wireless Charger Pad","Transform your routine with the all-new Wireless Charger Pad. It's sleek, fast, and reliable."
"NoiseCancel Pro","Stay ahead with NoiseCancel Pro. The ultimate choice for Tech lovers!"
"Yoga Mat Ultra","Transform your routine with the all-new Yoga Mat Ultra. It's sleek, fast, and reliable."
"Hiking Backpack","Upgrade your Travel game with Hiking Backpack. Order today for a special discount!"
"Organic Green Tea","Eco-friendly, durable, and stylish. This is the Organic Green Tea you've been waiting for."
"Hiking Backpack","Stay ahead with Hiking Backpack. The ultimate choice for Travel lovers!"
"Organic Green Tea","Upgrade your Food game with Organic Green Tea. Order today for a special discount!"
"Velocity Bike","Upgrade your Sports game with Velocity Bike. Order today for a special discount!"
"Yoga Mat Ultra","Experience the future of Sports. Yoga Mat Ultra is here, and it's life-changing."
"Wireless Charger Pad","Transform your routine with the all-new Wireless Charger Pad. It's sleek, fast, and reliable."
"Eco Bottle","Eco-friendly, durable, and stylish. This is the Eco Bottle you've been waiting for."
"Aura Smart Ring","Get more done with Aura Smart Ring. Where performance meets modern Tech style."
"Velocity Bike","Upgrade your Sports game with Velocity Bike. Order today for a special discount!"
"Gaming Laptop Z","The perfect gift for yourself: Gaming Laptop Z is now available in all stores."
"Hiking Backpack","Upgrade your Travel game with Hiking Backpack. Order today for a special discount!"
"Chef's Knife Set","Upgrade your Home game with Chef's Knife Set. Order today for a special discount!"
"Organic Green Tea","Experience the future of Food. Organic Green Tea is here, and it's life-changing."
"Chef's Knife Set","Eco-friendly, durable, and stylish. This is the Chef's Knife Set you've been waiting for."
"SmartWatch X","The perfect gift for yourself: SmartWatch X is now available in all stores."
"SmartWatch X","Upgrade your Tech game with SmartWatch X. Order today for a special discount!"
"Eco Bottle","Don't compromise on quality; choose Eco Bottle for your daily Lifestyle needs."
"Minimalist Desk Lamp","Upgrade your Home game with Minimalist Desk Lamp. Order today for a special discount!"
"SmartWatch X","Simple. Elegant. Powerful. Meet the new SmartWatch X."
"Wireless Charger Pad","Experience the future of Tech. Wireless Charger Pad is here, and it's life-changing."
"Aura Smart Ring","Upgrade your Tech game with Aura Smart Ring. Order today for a special discount!"
"Yoga Mat Ultra","Simple. Elegant. Powerful. Meet the new Yoga Mat Ultra."
"Hiking Backpack","The perfect gift for yourself: Hiking Backpack is now available in all stores."
"Velocity Bike","Join the revolution. Velocity Bike changes everything you know about Sports."
"NoiseCancel Pro","Don't compromise on quality; choose NoiseCancel Pro for your daily Tech needs."
"SmartWatch X","Join the revolution. SmartWatch X changes everything you know about Tech."
"PureMist Humidifier","Don't compromise on quality; choose PureMist Humidifier for your daily Home needs."
"Velocity Bike","Get more done with Velocity Bike. Where performance meets modern Sports style."
"NoiseCancel Pro","Eco-friendly, durable, and stylish. This is the NoiseCancel Pro you've been waiting for."
"SmartWatch X","Stay ahead with SmartWatch X. The ultimate choice for Tech lovers!"
"NoiseCancel Pro","Experience the future of Tech. NoiseCancel Pro is here, and it's life-changing."
"Aura Smart Ring","Eco-friendly, durable, and stylish. This is the Aura Smart Ring you've been waiting for."
"SmartWatch X","Simple. Elegant. Powerful. Meet the new SmartWatch X."
"Eco Bottle","Stay ahead with Eco Bottle. The ultimate choice for Lifestyle lovers!"
"Aura Smart Ring","Transform your routine with the all-new Aura Smart Ring. It's sleek, fast, and reliable."
"Eco Bottle","Get more done with Eco Bottle. Where performance meets modern Lifestyle style."
"PureMist Humidifier","Get more done with PureMist Humidifier. Where performance meets modern Home style."
"Hiking Backpack","Join the revolution. Hiking Backpack changes everything you know about Travel."
"Gaming Laptop Z","Get more done with Gaming Laptop Z. Where performance meets modern Tech style."
"Yoga Mat Ultra","Transform your routine with the all-new Yoga Mat Ultra. It's sleek, fast, and reliable."
"Eco Bottle","The perfect gift for yourself: Eco Bottle is now available in all stores."
"Wireless Charger Pad","Eco-friendly, durable, and stylish. This is the Wireless Charger Pad you've been waiting for."
"Eco Bottle","Upgrade your Lifestyle game with Eco Bottle. Order today for a special discount!"
"Wireless Charger Pad","Simple. Elegant. Powerful. Meet the new Wireless Charger Pad."
"Gaming Laptop Z","Experience the future of Tech. Gaming Laptop Z is here, and it's life-changing."
"FastRunner Shoes","Upgrade your Sports game with FastRunner Shoes. Order today for a special discount!"
"Hiking Backpack","Transform your routine with the all-new Hiking Backpack. It's sleek, fast, and reliable."
"Organic Green Tea","Don't compromise on quality; choose Organic Green Tea for your daily Food needs."
"Vitamin C Serum","Join the revolution. Vitamin C Serum changes everything you know about Beauty."
"PureMist Humidifier","Eco-friendly, durable, and stylish. This is the PureMist Humidifier you've been waiting for."
"Aura Smart Ring","Stay ahead with Aura Smart Ring. The ultimate choice for Tech lovers!"
"Minimalist Desk Lamp","Experience the future of Home. Minimalist Desk Lamp is here, and it's life-changing."
"Eco Bottle","Stay ahead with Eco Bottle. The ultimate choice for Lifestyle lovers!"
"Wireless Charger Pad","Join the revolution. Wireless Charger Pad changes everything you know about Tech."
"Wireless Charger Pad","Join the revolution. Wireless Charger Pad changes everything you know about Tech."
"Chef's Knife Set","Don't compromise on quality; choose Chef's Knife Set for your daily Home needs."
"Hiking Backpack","Experience the future of Travel. Hiking Backpack is here, and it's life-changing."
"Hiking Backpack","Experience the future of Travel. Hiking Backpack is here, and it's life-changing."
"NoiseCancel Pro","Stay ahead with NoiseCancel Pro. The ultimate choice for Tech lovers!"
"PureMist Humidifier","Transform your routine with the all-new PureMist Humidifier. It's sleek, fast, and reliable."
"Aura Smart Ring","The perfect gift for yourself: Aura Smart Ring is now available in all stores."
"Yoga Mat Ultra","Stay ahead with Yoga Mat Ultra. The ultimate choice for Sports lovers!"
"Eco Bottle","Simple. Elegant. Powerful. Meet the new Eco Bottle."
"FastRunner Shoes","Don't compromise on quality; choose FastRunner Shoes for your daily Sports needs."
"Vitamin C Serum","The perfect gift for yourself: Vitamin C Serum is now available in all stores."
"Chef's Knife Set","Eco-friendly, durable, and stylish. This is the Chef's Knife Set you've been waiting for."
"Velocity Bike","Stay ahead with Velocity Bike. The ultimate choice for Sports lovers!"
"Hiking Backpack","Upgrade your Travel game with Hiking Backpack. Order today for a special discount!"
"SmartWatch X","Get more done with SmartWatch X. Where performance meets modern Tech style."
"Aura Smart Ring","Eco-friendly, durable, and stylish. This is the Aura Smart Ring you've been waiting for."
"Wireless Charger Pad","Get more done with Wireless Charger Pad. Where performance meets modern Tech style."
"Hiking Backpack","Experience the future of Travel. Hiking Backpack is here, and it's life-changing."
"Hiking Backpack","Join the revolution. Hiking Backpack changes everything you know about Travel."
"Velocity Bike","Don't compromise on quality; choose Velocity Bike for your daily Sports needs."
"Minimalist Desk Lamp","Upgrade your Home game with Minimalist Desk Lamp. Order today for a special discount!"
"Velocity Bike","Get more done with Velocity Bike. Where performance meets modern Sports style."
"Gaming Laptop Z","Experience the future of Tech. Gaming Laptop Z is here, and it's life-changing."
"Wireless Charger Pad","Experience the future of Tech. Wireless Charger Pad is here, and it's life-changing."
"Gaming Laptop Z","Don't compromise on quality; choose Gaming Laptop Z for your daily Tech needs."
"Minimalist Desk Lamp","Upgrade your Home game with Minimalist Desk Lamp. Order today for a special discount!"
"Wireless Charger Pad","Stay ahead with Wireless Charger Pad. The ultimate choice for Tech lovers!"
"Chef's Knife Set","Stay ahead with Chef's Knife Set. The ultimate choice for Home lovers!"
"Vitamin C Serum","Stay ahead with Vitamin C Serum. The ultimate choice for Beauty lovers!"
"Chef's Knife Set","Don't compromise on quality; choose Chef's Knife Set for your daily Home needs."
"Velocity Bike","Stay ahead with Velocity Bike. The ultimate choice for Sports lovers!"
"FastRunner Shoes","Stay ahead with FastRunner Shoes. The ultimate choice for Sports lovers!"
"Eco Bottle","Join the revolution. Eco Bottle changes everything you know about Lifestyle."
"PureMist Humidifier","The perfect gift for yourself: PureMist Humidifier is now available in all stores."
"Vitamin C Serum","The perfect gift for yourself: Vitamin C Serum is now available in all stores."
"Organic Green Tea","Transform your routine with the all-new Organic Green Tea. It's sleek, fast, and reliable."
"Minimalist Desk Lamp","Stay ahead with Minimalist Desk Lamp. The ultimate choice for Home lovers!"
"Yoga Mat Ultra","Eco-friendly, durable, and stylish. This is the Yoga Mat Ultra you've been waiting for."
"FastRunner Shoes","Experience the future of Sports. FastRunner Shoes is here, and it's life-changing."
"Yoga Mat Ultra","Join the revolution. Yoga Mat Ultra changes everything you know about Sports."
"Wireless Charger Pad","Stay ahead with Wireless Charger Pad. The ultimate choice for Tech lovers!"
"Wireless Charger Pad","Transform your routine with the all-new Wireless Charger Pad. It's sleek, fast, and reliable."
"Aura Smart Ring","Join the revolution. Aura Smart Ring changes everything you know about Tech."
"Hiking Backpack","Experience the future of Travel. Hiking Backpack is here, and it's life-changing."
"Organic Green Tea","Join the revolution. Organic Green Tea changes everything you know about Food."
"Organic Green Tea","Simple. Elegant. Powerful. Meet the new Organic Green Tea."
"Organic Green Tea","Join the revolution. Organic Green Tea changes everything you know about Food."
"Eco Bottle","Join the revolution. Eco Bottle changes everything you know about Lifestyle."
Smart Watch,Stay connected on the go with our new Smart Watch!
Gaming Chair,Level up your comfort with the Ultimate Gaming Chair.
Smart Watch,Stay connected on the go with our new Smart Watch!
Gaming Chair,Level up your comfort with the Ultimate Gaming Chair.
